mean_fit_time,std_fit_time,mean_score_time,std_score_time,param_class_weight,param_max_depth,param_min_samples_leaf,param_min_samples_split,param_n_estimators,params,split0_test_score,split1_test_score,split2_test_score,split3_test_score,mean_test_score,std_test_score,rank_test_score
0.28883570432662964,0.05259314590861965,0.11483895778656006,0.03033078348404686,balanced,1,1,2,30,"{'class_weight': 'balanced', 'max_depth': 1, 'min_samples_leaf': 1, 'min_samples_split': 2, 'n_estimators': 30}",0.6189174047107264,0.6194263145878695,0.6286509270018454,0.6318879155902657,0.6247206404726767,0.005668430485943489,100
0.4096415042877197,0.09722536496807149,0.13547509908676147,0.02870052118778458,balanced,1,1,2,50,"{'class_weight': 'balanced', 'max_depth': 1, 'min_samples_leaf': 1, 'min_samples_split': 2, 'n_estimators': 50}",0.6457853349545697,0.6449196859287847,0.6536704366662538,0.6604197505483882,0.6511988020244991,0.006321941832680929,91
0.6675264239311218,0.08995654969467899,0.23198556900024414,0.09582419879616771,balanced,1,1,2,100,"{'class_weight': 'balanced', 'max_depth': 1, 'min_samples_leaf': 1, 'min_samples_split': 2, 'n_estimators': 100}",0.6456679651494734,0.6446303461444332,0.6538088487762787,0.6607180662878738,0.6512063065895148,0.006541469255354055,82
0.27875959873199463,0.07183553289929777,0.16257548332214355,0.03344690264897934,balanced,1,1,5,30,"{'class_weight': 'balanced', 'max_depth': 1, 'min_samples_leaf': 1, 'min_samples_split': 5, 'n_estimators': 30}",0.6189174047107264,0.6194263145878695,0.6286509270018454,0.6318879155902657,0.6247206404726767,0.005668430485943489,100
0.4099646806716919,0.0813357620134826,0.21418112516403198,0.06353005520859605,balanced,1,1,5,50,"{'class_weight': 'balanced', 'max_depth': 1, 'min_samples_leaf': 1, 'min_samples_split': 5, 'n_estimators': 50}",0.6457853349545697,0.6449196859287847,0.6536704366662538,0.6604197505483882,0.6511988020244991,0.006321941832680929,91
0.6611337661743164,0.11779235978898586,0.22090601921081543,0.07697653663814419,balanced,1,1,5,100,"{'class_weight': 'balanced', 'max_depth': 1, 'min_samples_leaf': 1, 'min_samples_split': 5, 'n_estimators': 100}",0.6456679651494734,0.6446303461444332,0.6538088487762787,0.6607180662878738,0.6512063065895148,0.006541469255354055,82
0.46248650550842285,0.06211135317673899,0.18979007005691528,0.06522747804746373,balanced,1,1,10,30,"{'class_weight': 'balanced', 'max_depth': 1, 'min_samples_leaf': 1, 'min_samples_split': 10, 'n_estimators': 30}",0.6189174047107264,0.6194263145878695,0.6286509270018454,0.6318879155902657,0.6247206404726767,0.005668430485943489,100
0.45520466566085815,0.11213197581354196,0.18588751554489136,0.059439461052771286,balanced,1,1,10,50,"{'class_weight': 'balanced', 'max_depth': 1, 'min_samples_leaf': 1, 'min_samples_split': 10, 'n_estimators': 50}",0.6457853349545697,0.6449196859287847,0.6536704366662538,0.6604197505483882,0.6511988020244991,0.006321941832680929,91
0.6230410933494568,0.13461439956463328,0.1871599555015564,0.05898377960833602,balanced,1,1,10,100,"{'class_weight': 'balanced', 'max_depth': 1, 'min_samples_leaf': 1, 'min_samples_split': 10, 'n_estimators': 100}",0.6456679651494734,0.6446303461444332,0.6538088487762787,0.6607180662878738,0.6512063065895148,0.006541469255354055,82
0.34369438886642456,0.0810201709128383,0.13258004188537598,0.02895979913384925,balanced,1,2,2,30,"{'class_weight': 'balanced', 'max_depth': 1, 'min_samples_leaf': 2, 'min_samples_split': 2, 'n_estimators': 30}",0.6189174047107264,0.6194263145878695,0.6286509270018454,0.6318879155902657,0.6247206404726767,0.005668430485943489,100
0.4498814344406128,0.0704151164339337,0.21991539001464844,0.05843213802884272,balanced,1,2,2,50,"{'class_weight': 'balanced', 'max_depth': 1, 'min_samples_leaf': 2, 'min_samples_split': 2, 'n_estimators': 50}",0.6457853349545697,0.6449196859287847,0.6536704366662538,0.6604197505483882,0.6511988020244991,0.006321941832680929,91
0.6475245952606201,0.07398125802455896,0.16672945022583008,0.03237386262422997,balanced,1,2,2,100,"{'class_weight': 'balanced', 'max_depth': 1, 'min_samples_leaf': 2, 'min_samples_split': 2, 'n_estimators': 100}",0.6456679651494734,0.6446303461444332,0.6538088487762787,0.6607180662878738,0.6512063065895148,0.006541469255354055,82
0.3732547163963318,0.041780315186680246,0.14437007904052734,0.07361631056110023,balanced,1,2,5,30,"{'class_weight': 'balanced', 'max_depth': 1, 'min_samples_leaf': 2, 'min_samples_split': 5, 'n_estimators': 30}",0.6189174047107264,0.6194263145878695,0.6286509270018454,0.6318879155902657,0.6247206404726767,0.005668430485943489,100
0.3941693902015686,0.05582871797299478,0.20250475406646729,0.06118475827790678,balanced,1,2,5,50,"{'class_weight': 'balanced', 'max_depth': 1, 'min_samples_leaf': 2, 'min_samples_split': 5, 'n_estimators': 50}",0.6457853349545697,0.6449196859287847,0.6536704366662538,0.6604197505483882,0.6511988020244991,0.006321941832680929,91
0.6252371072769165,0.054018359029374005,0.17912089824676514,0.03416865983901117,balanced,1,2,5,100,"{'class_weight': 'balanced', 'max_depth': 1, 'min_samples_leaf': 2, 'min_samples_split': 5, 'n_estimators': 100}",0.6456679651494734,0.6446303461444332,0.6538088487762787,0.6607180662878738,0.6512063065895148,0.006541469255354055,82
0.3191556930541992,0.10024732335920591,0.22125065326690674,0.07097064013251485,balanced,1,2,10,30,"{'class_weight': 'balanced', 'max_depth': 1, 'min_samples_leaf': 2, 'min_samples_split': 10, 'n_estimators': 30}",0.6189174047107264,0.6194263145878695,0.6286509270018454,0.6318879155902657,0.6247206404726767,0.005668430485943489,100
0.3529646396636963,0.06898198124802313,0.23878979682922363,0.04896601455516242,balanced,1,2,10,50,"{'class_weight': 'balanced', 'max_depth': 1, 'min_samples_leaf': 2, 'min_samples_split': 10, 'n_estimators': 50}",0.6457853349545697,0.6449196859287847,0.6536704366662538,0.6604197505483882,0.6511988020244991,0.006321941832680929,91
0.6717258095741272,0.1253944786205056,0.24433767795562744,0.08591730760958166,balanced,1,2,10,100,"{'class_weight': 'balanced', 'max_depth': 1, 'min_samples_leaf': 2, 'min_samples_split': 10, 'n_estimators': 100}",0.6456679651494734,0.6446303461444332,0.6538088487762787,0.6607180662878738,0.6512063065895148,0.006541469255354055,82
0.41317218542099,0.08965098793774966,0.1967790722846985,0.04453903848230891,balanced,1,4,2,30,"{'class_weight': 'balanced', 'max_depth': 1, 'min_samples_leaf': 4, 'min_samples_split': 2, 'n_estimators': 30}",0.6189174047107264,0.6194263145878695,0.6286509270018454,0.6318879155902657,0.6247206404726767,0.005668430485943489,100
0.4255726933479309,0.05126546900435798,0.13574546575546265,0.0769990385013514,balanced,1,4,2,50,"{'class_weight': 'balanced', 'max_depth': 1, 'min_samples_leaf': 4, 'min_samples_split': 2, 'n_estimators': 50}",0.6457853349545697,0.6449196859287847,0.6536704366662538,0.6604197505483882,0.6511988020244991,0.006321941832680929,91
0.6967527866363525,0.13374813660732904,0.2242661714553833,0.025223635774094238,balanced,1,4,2,100,"{'class_weight': 'balanced', 'max_depth': 1, 'min_samples_leaf': 4, 'min_samples_split': 2, 'n_estimators': 100}",0.6456679651494734,0.6446303461444332,0.6538088487762787,0.6607180662878738,0.6512063065895148,0.006541469255354055,82
0.3921816349029541,0.10087775158026488,0.20144063234329224,0.021514188869434556,balanced,1,4,5,30,"{'class_weight': 'balanced', 'max_depth': 1, 'min_samples_leaf': 4, 'min_samples_split': 5, 'n_estimators': 30}",0.6189174047107264,0.6194263145878695,0.6286509270018454,0.6318879155902657,0.6247206404726767,0.005668430485943489,100
0.5515174865722656,0.047824796397918354,0.28698980808258057,0.06041213242073004,balanced,1,4,5,50,"{'class_weight': 'balanced', 'max_depth': 1, 'min_samples_leaf': 4, 'min_samples_split': 5, 'n_estimators': 50}",0.6457853349545697,0.6449196859287847,0.6536704366662538,0.6604197505483882,0.6511988020244991,0.006321941832680929,91
0.7196625471115112,0.09054208424773304,0.2311697006225586,0.044534959555502344,balanced,1,4,5,100,"{'class_weight': 'balanced', 'max_depth': 1, 'min_samples_leaf': 4, 'min_samples_split': 5, 'n_estimators': 100}",0.6456679651494734,0.6446303461444332,0.6538088487762787,0.6607180662878738,0.6512063065895148,0.006541469255354055,82
0.3940246105194092,0.0338359753783594,0.24994570016860962,0.04497933533986089,balanced,1,4,10,30,"{'class_weight': 'balanced', 'max_depth': 1, 'min_samples_leaf': 4, 'min_samples_split': 10, 'n_estimators': 30}",0.6189174047107264,0.6194263145878695,0.6286509270018454,0.6318879155902657,0.6247206404726767,0.005668430485943489,100
0.4454018473625183,0.06327054626532583,0.14997625350952148,0.05656509900219154,balanced,1,4,10,50,"{'class_weight': 'balanced', 'max_depth': 1, 'min_samples_leaf': 4, 'min_samples_split': 10, 'n_estimators': 50}",0.6457853349545697,0.6449196859287847,0.6536704366662538,0.6604197505483882,0.6511988020244991,0.006321941832680929,91
0.6727774143218994,0.06972101627861364,0.25974130630493164,0.013825195533223712,balanced,1,4,10,100,"{'class_weight': 'balanced', 'max_depth': 1, 'min_samples_leaf': 4, 'min_samples_split': 10, 'n_estimators': 100}",0.6456679651494734,0.6446303461444332,0.6538088487762787,0.6607180662878738,0.6512063065895148,0.006541469255354055,82
0.5649111866950989,0.06181648711673201,0.19754230976104736,0.061075853064438,balanced,2,1,2,30,"{'class_weight': 'balanced', 'max_depth': 2, 'min_samples_leaf': 1, 'min_samples_split': 2, 'n_estimators': 30}",0.7153217794289631,0.7176055059307647,0.7251333289527198,0.7329089062781442,0.7227423801476479,0.006901588250119737,64
0.4522426724433899,0.030817916736266562,0.22522693872451782,0.058008513791962216,balanced,2,1,2,50,"{'class_weight': 'balanced', 'max_depth': 2, 'min_samples_leaf': 1, 'min_samples_split': 2, 'n_estimators': 50}",0.7236523464428759,0.7045755041555506,0.7258633336014018,0.7482925751386236,0.7255959398346129,0.015498750150897496,55
0.7516660094261169,0.05466115002624389,0.3022596836090088,0.056926056514544715,balanced,2,1,2,100,"{'class_weight': 'balanced', 'max_depth': 2, 'min_samples_leaf': 1, 'min_samples_split': 2, 'n_estimators': 100}",0.6905749010135673,0.6885261338595019,0.7116768548592276,0.721792152648415,0.703142510595178,0.01407326774603351,73
0.4813699722290039,0.14094110192990214,0.35273605585098267,0.039687907957705625,balanced,2,1,5,30,"{'class_weight': 'balanced', 'max_depth': 2, 'min_samples_leaf': 1, 'min_samples_split': 5, 'n_estimators': 30}",0.7153217794289631,0.7176055059307647,0.7251333289527198,0.7329089062781442,0.7227423801476479,0.006901588250119737,64
0.6352381706237793,0.09859374063544268,0.31989818811416626,0.11873526627493042,balanced,2,1,5,50,"{'class_weight': 'balanced', 'max_depth': 2, 'min_samples_leaf': 1, 'min_samples_split': 5, 'n_estimators': 50}",0.7236523464428759,0.7045755041555506,0.7258633336014018,0.7482925751386236,0.7255959398346129,0.015498750150897496,55
0.7268549799919128,0.0926676321329312,0.29961252212524414,0.05687903549641654,balanced,2,1,5,100,"{'class_weight': 'balanced', 'max_depth': 2, 'min_samples_leaf': 1, 'min_samples_split': 5, 'n_estimators': 100}",0.6905749010135673,0.6885261338595019,0.7116768548592276,0.721792152648415,0.703142510595178,0.01407326774603351,73
0.5644809603691101,0.009981609283121598,0.1670931577682495,0.041340842183571445,balanced,2,1,10,30,"{'class_weight': 'balanced', 'max_depth': 2, 'min_samples_leaf': 1, 'min_samples_split': 10, 'n_estimators': 30}",0.7153217794289631,0.7176055059307647,0.7251333289527198,0.7329089062781442,0.7227423801476479,0.006901588250119737,64
0.4185236692428589,0.07184994851075026,0.2418915033340454,0.15210248306628546,balanced,2,1,10,50,"{'class_weight': 'balanced', 'max_depth': 2, 'min_samples_leaf': 1, 'min_samples_split': 10, 'n_estimators': 50}",0.7236523464428759,0.7045755041555506,0.7258633336014018,0.7482925751386236,0.7255959398346129,0.015498750150897496,55
0.7112752199172974,0.05779740143793644,0.2867972254753113,0.005952576540038394,balanced,2,1,10,100,"{'class_weight': 'balanced', 'max_depth': 2, 'min_samples_leaf': 1, 'min_samples_split': 10, 'n_estimators': 100}",0.6905749010135673,0.6885261338595019,0.7116768548592276,0.721792152648415,0.703142510595178,0.01407326774603351,73
0.497151255607605,0.17206890792056745,0.2114201784133911,0.12117627385684862,balanced,2,2,2,30,"{'class_weight': 'balanced', 'max_depth': 2, 'min_samples_leaf': 2, 'min_samples_split': 2, 'n_estimators': 30}",0.7153217794289631,0.7176055059307647,0.7251333289527198,0.7329089062781442,0.7227423801476479,0.006901588250119737,64
0.5534513592720032,0.09554173777828057,0.2152012586593628,0.1489859218091413,balanced,2,2,2,50,"{'class_weight': 'balanced', 'max_depth': 2, 'min_samples_leaf': 2, 'min_samples_split': 2, 'n_estimators': 50}",0.7236523464428759,0.7045755041555506,0.7258633336014018,0.7482925751386236,0.7255959398346129,0.015498750150897496,55
0.6599425673484802,0.12780711477783102,0.35041874647140503,0.07784567454971955,balanced,2,2,2,100,"{'class_weight': 'balanced', 'max_depth': 2, 'min_samples_leaf': 2, 'min_samples_split': 2, 'n_estimators': 100}",0.6905749010135673,0.6885261338595019,0.7116768548592276,0.721792152648415,0.703142510595178,0.01407326774603351,73
0.5855801701545715,0.10557483703603178,0.25249892473220825,0.05972734807014504,balanced,2,2,5,30,"{'class_weight': 'balanced', 'max_depth': 2, 'min_samples_leaf': 2, 'min_samples_split': 5, 'n_estimators': 30}",0.7153217794289631,0.7176055059307647,0.7251333289527198,0.7329089062781442,0.7227423801476479,0.006901588250119737,64
0.6303279399871826,0.1316278308293268,0.20229387283325195,0.06194562278455473,balanced,2,2,5,50,"{'class_weight': 'balanced', 'max_depth': 2, 'min_samples_leaf': 2, 'min_samples_split': 5, 'n_estimators': 50}",0.7236523464428759,0.7045755041555506,0.7258633336014018,0.7482925751386236,0.7255959398346129,0.015498750150897496,55
0.8825473785400391,0.08058980647387684,0.2172350287437439,0.03363788529320876,balanced,2,2,5,100,"{'class_weight': 'balanced', 'max_depth': 2, 'min_samples_leaf': 2, 'min_samples_split': 5, 'n_estimators': 100}",0.6905749010135673,0.6885261338595019,0.7116768548592276,0.721792152648415,0.703142510595178,0.01407326774603351,73
0.630072295665741,0.08616428858021295,0.2027180790901184,0.06703572609785145,balanced,2,2,10,30,"{'class_weight': 'balanced', 'max_depth': 2, 'min_samples_leaf': 2, 'min_samples_split': 10, 'n_estimators': 30}",0.7153217794289631,0.7176055059307647,0.7251333289527198,0.7329089062781442,0.7227423801476479,0.006901588250119737,64
0.5205544829368591,0.15917983639328567,0.41625726222991943,0.12350997551410182,balanced,2,2,10,50,"{'class_weight': 'balanced', 'max_depth': 2, 'min_samples_leaf': 2, 'min_samples_split': 10, 'n_estimators': 50}",0.7236523464428759,0.7045755041555506,0.7258633336014018,0.7482925751386236,0.7255959398346129,0.015498750150897496,55
0.9305626153945923,0.0077444163534203855,0.17580825090408325,0.007664035392007396,balanced,2,2,10,100,"{'class_weight': 'balanced', 'max_depth': 2, 'min_samples_leaf': 2, 'min_samples_split': 10, 'n_estimators': 100}",0.6905749010135673,0.6885261338595019,0.7116768548592276,0.721792152648415,0.703142510595178,0.01407326774603351,73
0.6930487751960754,0.06448042269089044,0.18983715772628784,0.022946961459447343,balanced,2,4,2,30,"{'class_weight': 'balanced', 'max_depth': 2, 'min_samples_leaf': 4, 'min_samples_split': 2, 'n_estimators': 30}",0.7153217794289631,0.7176055059307647,0.7251333289527198,0.7329089062781442,0.7227423801476479,0.006901588250119737,64
0.3984038829803467,0.028983307144101293,0.19902819395065308,0.07042215066863318,balanced,2,4,2,50,"{'class_weight': 'balanced', 'max_depth': 2, 'min_samples_leaf': 4, 'min_samples_split': 2, 'n_estimators': 50}",0.7236523464428759,0.7045755041555506,0.7258633336014018,0.7482925751386236,0.7255959398346129,0.015498750150897496,55
0.9402554035186768,0.08288360858660337,0.3017374873161316,0.09875769962960243,balanced,2,4,2,100,"{'class_weight': 'balanced', 'max_depth': 2, 'min_samples_leaf': 4, 'min_samples_split': 2, 'n_estimators': 100}",0.6905749010135673,0.6885261338595019,0.7116768548592276,0.721792152648415,0.703142510595178,0.01407326774603351,73
0.5899865031242371,0.0951463642457436,0.3559885621070862,0.02565896814794519,balanced,2,4,5,30,"{'class_weight': 'balanced', 'max_depth': 2, 'min_samples_leaf': 4, 'min_samples_split': 5, 'n_estimators': 30}",0.7153217794289631,0.7176055059307647,0.7251333289527198,0.7329089062781442,0.7227423801476479,0.006901588250119737,64
0.7819151878356934,0.05484870858480756,0.186174213886261,0.06925368687725253,balanced,2,4,5,50,"{'class_weight': 'balanced', 'max_depth': 2, 'min_samples_leaf': 4, 'min_samples_split': 5, 'n_estimators': 50}",0.7236523464428759,0.7045755041555506,0.7258633336014018,0.7482925751386236,0.7255959398346129,0.015498750150897496,55
0.9911057949066162,0.2118129818898801,0.43267273902893066,0.25435817248532266,balanced,2,4,5,100,"{'class_weight': 'balanced', 'max_depth': 2, 'min_samples_leaf': 4, 'min_samples_split': 5, 'n_estimators': 100}",0.6905749010135673,0.6885261338595019,0.7116768548592276,0.721792152648415,0.703142510595178,0.01407326774603351,73
0.5737211108207703,0.05222248694462975,0.6378819942474365,0.03601629737875291,balanced,2,4,10,30,"{'class_weight': 'balanced', 'max_depth': 2, 'min_samples_leaf': 4, 'min_samples_split': 10, 'n_estimators': 30}",0.7153217794289631,0.7176055059307647,0.7251333289527198,0.7329089062781442,0.7227423801476479,0.006901588250119737,64
0.8411482572555542,0.228962569492561,0.14061641693115234,0.02062461664710714,balanced,2,4,10,50,"{'class_weight': 'balanced', 'max_depth': 2, 'min_samples_leaf': 4, 'min_samples_split': 10, 'n_estimators': 50}",0.7236523464428759,0.7045755041555506,0.7258633336014018,0.7482925751386236,0.7255959398346129,0.015498750150897496,55
0.8198792338371277,0.1146088436845252,0.34296679496765137,0.0893838184475892,balanced,2,4,10,100,"{'class_weight': 'balanced', 'max_depth': 2, 'min_samples_leaf': 4, 'min_samples_split': 10, 'n_estimators': 100}",0.6905749010135673,0.6885261338595019,0.7116768548592276,0.721792152648415,0.703142510595178,0.01407326774603351,73
0.6294221878051758,0.17499315104252183,0.31040650606155396,0.0835522238863575,balanced,3,1,2,30,"{'class_weight': 'balanced', 'max_depth': 3, 'min_samples_leaf': 1, 'min_samples_split': 2, 'n_estimators': 30}",0.7956489073597325,0.8051068034561623,0.8098516757718914,0.8198197480812104,0.8076067836672491,0.008709717951516332,37
0.9265271425247192,0.061181635332836354,0.13777470588684082,0.013218697899130102,balanced,3,1,2,50,"{'class_weight': 'balanced', 'max_depth': 3, 'min_samples_leaf': 1, 'min_samples_split': 2, 'n_estimators': 50}",0.7847439637811354,0.7907967216918529,0.7984753863905032,0.8117971131281976,0.7964532962479223,0.010107260602238675,46
1.1454792022705078,0.05533753211853877,0.40373510122299194,0.10266233233393193,balanced,3,1,2,100,"{'class_weight': 'balanced', 'max_depth': 3, 'min_samples_leaf': 1, 'min_samples_split': 2, 'n_estimators': 100}",0.7972793798794764,0.7980004651935168,0.813354991869839,0.8233813487678489,0.8080040464276702,0.010956552314307005,28
0.9559906125068665,0.045088918210418945,0.3193286061286926,0.019732828626451118,balanced,3,1,5,30,"{'class_weight': 'balanced', 'max_depth': 3, 'min_samples_leaf': 1, 'min_samples_split': 5, 'n_estimators': 30}",0.7956489073597325,0.8051068034561623,0.8098516757718914,0.8198197480812104,0.8076067836672491,0.008709717951516332,37
1.0503018498420715,0.09404430175572073,0.18882358074188232,0.04392176308000423,balanced,3,1,5,50,"{'class_weight': 'balanced', 'max_depth': 3, 'min_samples_leaf': 1, 'min_samples_split': 5, 'n_estimators': 50}",0.7847439637811354,0.7907967216918529,0.7984753863905032,0.8117971131281976,0.7964532962479223,0.010107260602238675,46
1.152105987071991,0.22860236617184246,0.4758816957473755,0.21089929756922157,balanced,3,1,5,100,"{'class_weight': 'balanced', 'max_depth': 3, 'min_samples_leaf': 1, 'min_samples_split': 5, 'n_estimators': 100}",0.7972793798794764,0.7980004651935168,0.813354991869839,0.8233813487678489,0.8080040464276702,0.010956552314307005,28
0.6978395581245422,0.14261499934523328,0.6791590452194214,0.058491214142368145,balanced,3,1,10,30,"{'class_weight': 'balanced', 'max_depth': 3, 'min_samples_leaf': 1, 'min_samples_split': 10, 'n_estimators': 30}",0.7956489073597325,0.8051068034561623,0.8098516757718914,0.8198197480812104,0.8076067836672491,0.008709717951516332,37
1.3378534317016602,0.10818494163690427,0.10089588165283203,0.007126334775207238,balanced,3,1,10,50,"{'class_weight': 'balanced', 'max_depth': 3, 'min_samples_leaf': 1, 'min_samples_split': 10, 'n_estimators': 50}",0.7847439637811354,0.7907967216918529,0.7984753863905032,0.8117971131281976,0.7964532962479223,0.010107260602238675,46
1.115136444568634,0.0698214106367824,0.3077496886253357,0.04732196074230228,balanced,3,1,10,100,"{'class_weight': 'balanced', 'max_depth': 3, 'min_samples_leaf': 1, 'min_samples_split': 10, 'n_estimators': 100}",0.7972793798794764,0.7980004651935168,0.813354991869839,0.8233813487678489,0.8080040464276702,0.010956552314307005,28
0.7255675792694092,0.14708123256270242,0.49796080589294434,0.12378064925648402,balanced,3,2,2,30,"{'class_weight': 'balanced', 'max_depth': 3, 'min_samples_leaf': 2, 'min_samples_split': 2, 'n_estimators': 30}",0.7956489073597325,0.8051068034561623,0.8098516757718914,0.8198197480812104,0.8076067836672491,0.008709717951516332,37
1.2105371952056885,0.044079559626216576,0.2133488655090332,0.027048520765435857,balanced,3,2,2,50,"{'class_weight': 'balanced', 'max_depth': 3, 'min_samples_leaf': 2, 'min_samples_split': 2, 'n_estimators': 50}",0.7847439637811354,0.7907967216918529,0.7984753863905032,0.8117971131281976,0.7964532962479223,0.010107260602238675,46
0.9933649301528931,0.11581720548771224,0.31215614080429077,0.06574867332889082,balanced,3,2,2,100,"{'class_weight': 'balanced', 'max_depth': 3, 'min_samples_leaf': 2, 'min_samples_split': 2, 'n_estimators': 100}",0.7972793798794764,0.7980004651935168,0.813354991869839,0.8233813487678489,0.8080040464276702,0.010956552314307005,28
0.6970886588096619,0.09301345993186978,0.34906989336013794,0.0362749292750244,balanced,3,2,5,30,"{'class_weight': 'balanced', 'max_depth': 3, 'min_samples_leaf': 2, 'min_samples_split': 5, 'n_estimators': 30}",0.7956489073597325,0.8051068034561623,0.8098516757718914,0.8198197480812104,0.8076067836672491,0.008709717951516332,37
0.8710803985595703,0.06013041150144238,0.14704418182373047,0.050965498700396315,balanced,3,2,5,50,"{'class_weight': 'balanced', 'max_depth': 3, 'min_samples_leaf': 2, 'min_samples_split': 5, 'n_estimators': 50}",0.7847439637811354,0.7907967216918529,0.7984753863905032,0.8117971131281976,0.7964532962479223,0.010107260602238675,46
1.0702909231185913,0.08734690278347565,0.2549636960029602,0.07896976946057561,balanced,3,2,5,100,"{'class_weight': 'balanced', 'max_depth': 3, 'min_samples_leaf': 2, 'min_samples_split': 5, 'n_estimators': 100}",0.7972793798794764,0.7980004651935168,0.813354991869839,0.8233813487678489,0.8080040464276702,0.010956552314307005,28
0.6111029386520386,0.24125021747440434,0.4982704520225525,0.17184510279086238,balanced,3,2,10,30,"{'class_weight': 'balanced', 'max_depth': 3, 'min_samples_leaf': 2, 'min_samples_split': 10, 'n_estimators': 30}",0.7956489073597325,0.8051068034561623,0.8098516757718914,0.8198197480812104,0.8076067836672491,0.008709717951516332,37
1.0905793905258179,0.030916525569644474,0.10997581481933594,0.004279335704968565,balanced,3,2,10,50,"{'class_weight': 'balanced', 'max_depth': 3, 'min_samples_leaf': 2, 'min_samples_split': 10, 'n_estimators': 50}",0.7847439637811354,0.7907967216918529,0.7984753863905032,0.8117971131281976,0.7964532962479223,0.010107260602238675,46
1.0791682600975037,0.045004730541886785,0.41606032848358154,0.08709456989317885,balanced,3,2,10,100,"{'class_weight': 'balanced', 'max_depth': 3, 'min_samples_leaf': 2, 'min_samples_split': 10, 'n_estimators': 100}",0.7972793798794764,0.7980004651935168,0.813354991869839,0.8233813487678489,0.8080040464276702,0.010956552314307005,28
0.7962357401847839,0.20038110287618485,0.42423808574676514,0.13054159212823746,balanced,3,4,2,30,"{'class_weight': 'balanced', 'max_depth': 3, 'min_samples_leaf': 4, 'min_samples_split': 2, 'n_estimators': 30}",0.7956489073597325,0.8050152091808699,0.8098516757718914,0.8198197480812104,0.807583885098426,0.008716378362953742,43
1.1321526169776917,0.018698564808666506,0.15389597415924072,0.01783207540725935,balanced,3,4,2,50,"{'class_weight': 'balanced', 'max_depth': 3, 'min_samples_leaf': 4, 'min_samples_split': 2, 'n_estimators': 50}",0.7847439637811354,0.7907967216918529,0.7984753863905032,0.8117971131281976,0.7964532962479223,0.010107260602238675,46
1.044844627380371,0.2395266352030492,0.3533945083618164,0.18800338101156497,balanced,3,4,2,100,"{'class_weight': 'balanced', 'max_depth': 3, 'min_samples_leaf': 4, 'min_samples_split': 2, 'n_estimators': 100}",0.7972793798794764,0.7979060205689527,0.813354991869839,0.8232807505415656,0.8079552857149583,0.010942913164389011,34
0.8071837425231934,0.07672585233874174,0.405103862285614,0.018250351458336506,balanced,3,4,5,30,"{'class_weight': 'balanced', 'max_depth': 3, 'min_samples_leaf': 4, 'min_samples_split': 5, 'n_estimators': 30}",0.7956489073597325,0.8050152091808699,0.8098516757718914,0.8198197480812104,0.807583885098426,0.008716378362953742,43
0.9051645994186401,0.08352766204027454,0.1389407515525818,0.10438199099954183,balanced,3,4,5,50,"{'class_weight': 'balanced', 'max_depth': 3, 'min_samples_leaf': 4, 'min_samples_split': 5, 'n_estimators': 50}",0.7847439637811354,0.7907967216918529,0.7984753863905032,0.8117971131281976,0.7964532962479223,0.010107260602238675,46
1.014156460762024,0.02547539157669765,0.21519196033477783,0.031172692582606226,balanced,3,4,5,100,"{'class_weight': 'balanced', 'max_depth': 3, 'min_samples_leaf': 4, 'min_samples_split': 5, 'n_estimators': 100}",0.7972793798794764,0.7979060205689527,0.813354991869839,0.8232807505415656,0.8079552857149583,0.010942913164389011,34
0.5401391386985779,0.1009002987181566,0.4843865633010864,0.04474774632187641,balanced,3,4,10,30,"{'class_weight': 'balanced', 'max_depth': 3, 'min_samples_leaf': 4, 'min_samples_split': 10, 'n_estimators': 30}",0.7956489073597325,0.8050152091808699,0.8098516757718914,0.8198197480812104,0.807583885098426,0.008716378362953742,43
1.0750682950019836,0.031043013315487273,0.14797282218933105,0.015081112385261825,balanced,3,4,10,50,"{'class_weight': 'balanced', 'max_depth': 3, 'min_samples_leaf': 4, 'min_samples_split': 10, 'n_estimators': 50}",0.7847439637811354,0.7907967216918529,0.7984753863905032,0.8117971131281976,0.7964532962479223,0.010107260602238675,46
0.9774050712585449,0.09312810390304528,0.3522324562072754,0.10561344563069316,balanced,3,4,10,100,"{'class_weight': 'balanced', 'max_depth': 3, 'min_samples_leaf': 4, 'min_samples_split': 10, 'n_estimators': 100}",0.7972793798794764,0.7979060205689527,0.813354991869839,0.8232807505415656,0.8079552857149583,0.010942913164389011,34
0.6762216687202454,0.046909471162857826,0.3687353730201721,0.006972432283027593,balanced,4,1,2,30,"{'class_weight': 'balanced', 'max_depth': 4, 'min_samples_leaf': 1, 'min_samples_split': 2, 'n_estimators': 30}",0.8404046811596547,0.8371490597776624,0.8442666666272237,0.8518627395583228,0.8434207867807159,0.005486654994901272,10
0.9511134028434753,0.15610190409331498,0.12398231029510498,0.040589475454620313,balanced,4,1,2,50,"{'class_weight': 'balanced', 'max_depth': 4, 'min_samples_leaf': 1, 'min_samples_split': 2, 'n_estimators': 50}",0.8746361060734313,0.869113307863349,0.883342574055594,0.8915774703502986,0.8796673645856682,0.008544873601865063,6
1.1286372542381287,0.10202852705468818,0.24027156829833984,0.1075060838452531,balanced,4,1,2,100,"{'class_weight': 'balanced', 'max_depth': 4, 'min_samples_leaf': 1, 'min_samples_split': 2, 'n_estimators': 100}",0.8329054448480806,0.8370751394510456,0.8415506945803333,0.8485690415754443,0.840025080113726,0.005803407042186646,26
0.6523140072822571,0.16109175596222286,0.5509191155433655,0.12267866045150044,balanced,4,1,5,30,"{'class_weight': 'balanced', 'max_depth': 4, 'min_samples_leaf': 1, 'min_samples_split': 5, 'n_estimators': 30}",0.8404046811596547,0.8371490597776624,0.8442666666272237,0.8518627395583228,0.8434207867807159,0.005486654994901272,10
1.1546299457550049,0.015291543395793852,0.08132052421569824,0.014429570691118495,balanced,4,1,5,50,"{'class_weight': 'balanced', 'max_depth': 4, 'min_samples_leaf': 1, 'min_samples_split': 5, 'n_estimators': 50}",0.8746361060734313,0.869113307863349,0.883342574055594,0.8915774703502986,0.8796673645856682,0.008544873601865063,6
1.2007644176483154,0.08668299570835547,0.16675835847854614,0.07925312222774858,balanced,4,1,5,100,"{'class_weight': 'balanced', 'max_depth': 4, 'min_samples_leaf': 1, 'min_samples_split': 5, 'n_estimators': 100}",0.8329054448480806,0.8370751394510456,0.8415506945803333,0.8502565677436351,0.8404469616557737,0.006436036410493252,24
0.6318238973617554,0.14127539570224726,0.5841853022575378,0.09021744003343472,balanced,4,1,10,30,"{'class_weight': 'balanced', 'max_depth': 4, 'min_samples_leaf': 1, 'min_samples_split': 10, 'n_estimators': 30}",0.8404046811596547,0.8371490597776624,0.8442666666272237,0.8518627395583228,0.8434207867807159,0.005486654994901272,10
1.1785070896148682,0.06218116088637518,0.1079893708229065,0.05368215032610758,balanced,4,1,10,50,"{'class_weight': 'balanced', 'max_depth': 4, 'min_samples_leaf': 1, 'min_samples_split': 10, 'n_estimators': 50}",0.8765772300971482,0.869113307863349,0.8835408845205088,0.8915774703502986,0.8802022232078262,0.008316362267881542,2
1.2349461317062378,0.13139089434632217,0.16151970624923706,0.13668010114855259,balanced,4,1,10,100,"{'class_weight': 'balanced', 'max_depth': 4, 'min_samples_leaf': 1, 'min_samples_split': 10, 'n_estimators': 100}",0.8396502225188132,0.8370751394510456,0.8417743501330615,0.8502617241583754,0.8421903590653239,0.0049481755040183635,20
0.6507670283317566,0.08856263825454921,0.5776624083518982,0.058884503169934266,balanced,4,2,2,30,"{'class_weight': 'balanced', 'max_depth': 4, 'min_samples_leaf': 2, 'min_samples_split': 2, 'n_estimators': 30}",0.8404046811596547,0.8371490597776624,0.8442666666272237,0.8518627395583228,0.8434207867807159,0.005486654994901272,10
1.1453725099563599,0.0749399014165167,0.13268578052520752,0.07151477553406664,balanced,4,2,2,50,"{'class_weight': 'balanced', 'max_depth': 4, 'min_samples_leaf': 2, 'min_samples_split': 2, 'n_estimators': 50}",0.8746361060734313,0.869113307863349,0.883342574055594,0.8915774703502986,0.8796673645856682,0.008544873601865063,6
1.3793709874153137,0.2040331582418109,0.26808488368988037,0.19074631373199655,balanced,4,2,2,100,"{'class_weight': 'balanced', 'max_depth': 4, 'min_samples_leaf': 2, 'min_samples_split': 2, 'n_estimators': 100}",0.8329054448480806,0.8370751394510456,0.8415506945803333,0.8485690415754443,0.840025080113726,0.005803407042186646,26
0.8947826027870178,0.19405071290213738,0.6184197068214417,0.1757342904968614,balanced,4,2,5,30,"{'class_weight': 'balanced', 'max_depth': 4, 'min_samples_leaf': 2, 'min_samples_split': 5, 'n_estimators': 30}",0.8404046811596547,0.8371490597776624,0.8442666666272237,0.8518627395583228,0.8434207867807159,0.005486654994901272,10
1.4543955326080322,0.023359942558872353,0.09483224153518677,0.010559897126919538,balanced,4,2,5,50,"{'class_weight': 'balanced', 'max_depth': 4, 'min_samples_leaf': 2, 'min_samples_split': 5, 'n_estimators': 50}",0.8746361060734313,0.869113307863349,0.883342574055594,0.8915774703502986,0.8796673645856682,0.008544873601865063,6
1.1171695590019226,0.12437796355979489,0.22469055652618408,0.09431802589229166,balanced,4,2,5,100,"{'class_weight': 'balanced', 'max_depth': 4, 'min_samples_leaf': 2, 'min_samples_split': 5, 'n_estimators': 100}",0.8329054448480806,0.8370751394510456,0.8415506945803333,0.8502565677436351,0.8404469616557737,0.006436036410493252,24
0.6246550679206848,0.24352683624727076,0.4862020015716553,0.12194308089786049,balanced,4,2,10,30,"{'class_weight': 'balanced', 'max_depth': 4, 'min_samples_leaf': 2, 'min_samples_split': 10, 'n_estimators': 30}",0.8404046811596547,0.8371490597776624,0.8442666666272237,0.8518627395583228,0.8434207867807159,0.005486654994901272,10
1.1002837419509888,0.027485648187163817,0.07950454950332642,0.008310233495891462,balanced,4,2,10,50,"{'class_weight': 'balanced', 'max_depth': 4, 'min_samples_leaf': 2, 'min_samples_split': 10, 'n_estimators': 50}",0.8765772300971482,0.869113307863349,0.8835408845205088,0.8915774703502986,0.8802022232078262,0.008316362267881542,2
1.1267645359039307,0.06385663033347386,0.23738044500350952,0.22494101499761013,balanced,4,2,10,100,"{'class_weight': 'balanced', 'max_depth': 4, 'min_samples_leaf': 2, 'min_samples_split': 10, 'n_estimators': 100}",0.8396502225188132,0.8370751394510456,0.8417743501330615,0.8502617241583754,0.8421903590653239,0.0049481755040183635,20
0.5584481954574585,0.091136142471565,0.5576746463775635,0.06600561291028686,balanced,4,4,2,30,"{'class_weight': 'balanced', 'max_depth': 4, 'min_samples_leaf': 4, 'min_samples_split': 2, 'n_estimators': 30}",0.8399930983344795,0.8371490597776624,0.8442666666272237,0.8517692791081534,0.8432945259618798,0.005509824801293825,16
1.1258153915405273,0.015177265725795273,0.07767945528030396,0.0036190862750130038,balanced,4,4,2,50,"{'class_weight': 'balanced', 'max_depth': 4, 'min_samples_leaf': 4, 'min_samples_split': 2, 'n_estimators': 50}",0.8758336003677489,0.869113307863349,0.8834367467967137,0.891614084541895,0.8799994348924267,0.008405015445962314,4
1.1929362416267395,0.129075297716497,0.3171692490577698,0.10160133971810806,balanced,4,4,2,100,"{'class_weight': 'balanced', 'max_depth': 4, 'min_samples_leaf': 4, 'min_samples_split': 2, 'n_estimators': 100}",0.8341570632958306,0.8370751394510456,0.841649766222534,0.8502617241583754,0.8407859232819463,0.006087871718239012,22
0.7465629577636719,0.13967436450405446,0.5017570853233337,0.06622625029954735,balanced,4,4,5,30,"{'class_weight': 'balanced', 'max_depth': 4, 'min_samples_leaf': 4, 'min_samples_split': 5, 'n_estimators': 30}",0.8399930983344795,0.8371490597776624,0.8442666666272237,0.8517692791081534,0.8432945259618798,0.005509824801293825,16
1.2864069938659668,0.05611755176871292,0.13790947198867798,0.01926998137613858,balanced,4,4,5,50,"{'class_weight': 'balanced', 'max_depth': 4, 'min_samples_leaf': 4, 'min_samples_split': 5, 'n_estimators': 50}",0.8758336003677489,0.869113307863349,0.8834367467967137,0.891614084541895,0.8799994348924267,0.008405015445962314,4
1.1213593482971191,0.13073600760013712,0.2674444913864136,0.153659205051784,balanced,4,4,5,100,"{'class_weight': 'balanced', 'max_depth': 4, 'min_samples_leaf': 4, 'min_samples_split': 5, 'n_estimators': 100}",0.8341570632958306,0.8370751394510456,0.841649766222534,0.8502617241583754,0.8407859232819463,0.006087871718239012,22
0.7717693448066711,0.14617736860842076,0.4284288287162781,0.11192577217779795,balanced,4,4,10,30,"{'class_weight': 'balanced', 'max_depth': 4, 'min_samples_leaf': 4, 'min_samples_split': 10, 'n_estimators': 30}",0.8399930983344795,0.8371490597776624,0.8442666666272237,0.8517692791081534,0.8432945259618798,0.005509824801293825,16
1.0765313506126404,0.046310709212045616,0.11957681179046631,0.06929561848305621,balanced,4,4,10,50,"{'class_weight': 'balanced', 'max_depth': 4, 'min_samples_leaf': 4, 'min_samples_split': 10, 'n_estimators': 50}",0.8770435740121174,0.869113307863349,0.8835408845205088,0.891614084541895,0.8803279627344676,0.008280324646611265,1
0.6616712212562561,0.01679786213357756,0.061533212661743164,0.02595442167680653,balanced,4,4,10,100,"{'class_weight': 'balanced', 'max_depth': 4, 'min_samples_leaf': 4, 'min_samples_split': 10, 'n_estimators': 100}",0.8398366473418897,0.8370751394510456,0.8418688171458191,0.8502617241583754,0.8422605820242826,0.004922804820292972,19
